date,id,title,bundle_id,content_type,rating
2023-03-30,10e77f9dff52b35b5a4d948f826780b4,Learn the One-Minute Meditation,mindfulness,audio,5
2023-03-30,23589dd84947d32fc4693ec2272c0dab,Waking Up in Bed,mindfulness,audio,5
2023-03-30,7dc8e2eafb5bcee7e1c9a209134cdb6e,A Mantra Meditation for Your Morning ,mindfulness,audio,5
2023-03-30,a5e1340025a3b6854808cd70ddde268c,Mindful Moment Meditation,mindfulness,audio,5
2023-03-30,d1d43a13b245e6560cd8afeca1534399,Total Well-Being: Body,mindfulness,video,5
2023-03-31,10e77f9dff52b35b5a4d948f826780b4,Learn the One-Minute Meditation,mindfulness,audio,5
2023-03-31,23589dd84947d32fc4693ec2272c0dab,Waking Up in Bed,mindfulness,audio,5
2023-03-31,7dc8e2eafb5bcee7e1c9a209134cdb6e,A Mantra Meditation for Your Morning ,mindfulness,audio,5
2023-03-31,d0866907fc5fef3307741dbb86ae58e4,Energy Uplift through Meditation,mindfulness,audio,5
2023-03-31,d1d43a13b245e6560cd8afeca1534399,Total Well-Being: Body,mindfulness,video,5
2023-04-01,10e77f9dff52b35b5a4d948f826780b4,Learn the One-Minute Meditation,mindfulness,audio,5
2023-04-01,7dc8e2eafb5bcee7e1c9a209134cdb6e,A Mantra Meditation for Your Morning ,mindfulness,audio,5
2023-04-01,aba242babd95c2c45cc2b01cfc1e0e1e,Relaxing the Nervous System ,mindfulness,audio,5
2023-04-01,d0866907fc5fef3307741dbb86ae58e4,Energy Uplift through Meditation,mindfulness,audio,5
2023-04-01,d1d43a13b245e6560cd8afeca1534399,Total Well-Being: Body,mindfulness,video,5
2023-04-02,10e77f9dff52b35b5a4d948f826780b4,Learn the One-Minute Meditation,mindfulness,audio,5
2023-04-02,7dc8e2eafb5bcee7e1c9a209134cdb6e,A Mantra Meditation for Your Morning ,mindfulness,audio,5
2023-04-02,aba242babd95c2c45cc2b01cfc1e0e1e,Relaxing the Nervous System ,mindfulness,audio,5
2023-04-02,d0866907fc5fef3307741dbb86ae58e4,Energy Uplift through Meditation,mindfulness,audio,5
2023-04-02,d1d43a13b245e6560cd8afeca1534399,Total Well-Being: Body,mindfulness,video,5
2023-04-03,10e77f9dff52b35b5a4d948f826780b4,Learn the One-Minute Meditation,mindfulness,audio,5
2023-04-03,7dc8e2eafb5bcee7e1c9a209134cdb6e,A Mantra Meditation for Your Morning ,mindfulness,audio,5
2023-04-03,aba242babd95c2c45cc2b01cfc1e0e1e,Relaxing the Nervous System ,mindfulness,audio,5
2023-04-03,d0866907fc5fef3307741dbb86ae58e4,Energy Uplift through Meditation,mindfulness,audio,5
2023-04-03,d1d43a13b245e6560cd8afeca1534399,Total Well-Being: Body,mindfulness,video,5
2023-04-04,10e77f9dff52b35b5a4d948f826780b4,Learn the One-Minute Meditation,mindfulness,audio,5
2023-04-04,23589dd84947d32fc4693ec2272c0dab,Waking Up in Bed,mindfulness,audio,5
2023-04-04,30625872d33723842235441fa891b4b7,Kind & Generous Intentions,mindfulness,audio,5
2023-04-04,7dc8e2eafb5bcee7e1c9a209134cdb6e,A Mantra Meditation for Your Morning ,mindfulness,audio,5
2023-04-04,d1d43a13b245e6560cd8afeca1534399,Total Well-Being: Body,mindfulness,video,5
2023-04-05,10e77f9dff52b35b5a4d948f826780b4,Learn the One-Minute Meditation,mindfulness,audio,5
2023-04-05,23589dd84947d32fc4693ec2272c0dab,Waking Up in Bed,mindfulness,audio,5
2023-04-05,30625872d33723842235441fa891b4b7,Kind & Generous Intentions,mindfulness,audio,5
2023-04-05,7dc8e2eafb5bcee7e1c9a209134cdb6e,A Mantra Meditation for Your Morning ,mindfulness,audio,5
2023-04-05,d1d43a13b245e6560cd8afeca1534399,Total Well-Being: Body,mindfulness,video,5
2023-04-06,0c84dcd8f99c4d0171bca8978114c5c5,Loaded with Leftovers: Mini Veggie Frittata,mindfulness,video,5
2023-04-06,10e77f9dff52b35b5a4d948f826780b4,Learn the One-Minute Meditation,mindfulness,audio,5
2023-04-06,13899f9f6300df440c81438ef6b90d73,Falling Back to Sleep,mindfulness,audio,5
2023-04-06,7dc8e2eafb5bcee7e1c9a209134cdb6e,A Mantra Meditation for Your Morning ,mindfulness,audio,5
2023-04-06,d1d43a13b245e6560cd8afeca1534399,Total Well-Being: Body,mindfulness,video,5
2023-04-07,10e77f9dff52b35b5a4d948f826780b4,Learn the One-Minute Meditation,mindfulness,audio,5
2023-04-07,13899f9f6300df440c81438ef6b90d73,Falling Back to Sleep,mindfulness,audio,5
2023-04-07,7dc8e2eafb5bcee7e1c9a209134cdb6e,A Mantra Meditation for Your Morning ,mindfulness,audio,5
2023-04-07,d0866907fc5fef3307741dbb86ae58e4,Energy Uplift through Meditation,mindfulness,audio,5
2023-04-07,d1d43a13b245e6560cd8afeca1534399,Total Well-Being: Body,mindfulness,video,5
2023-04-08,10e77f9dff52b35b5a4d948f826780b4,Learn the One-Minute Meditation,mindfulness,audio,5
2023-04-08,7dc8e2eafb5bcee7e1c9a209134cdb6e,A Mantra Meditation for Your Morning ,mindfulness,audio,5
2023-04-08,a5e1340025a3b6854808cd70ddde268c,Mindful Moment Meditation,mindfulness,audio,5
2023-04-08,d0866907fc5fef3307741dbb86ae58e4,Energy Uplift through Meditation,mindfulness,audio,5
2023-04-08,d1d43a13b245e6560cd8afeca1534399,Total Well-Being: Body,mindfulness,video,5
